timestamp,mode,asset,outcome,question,resolution_day,best_ask,midpoint,vwap,cost_cents,shares,notional,market_id
2026-07-31T08:26:47.539021+00:00,dry,BTC,Yes,"Will the price of Bitcoin be above $62,000 on July 31?",2026-07-31,0.9830,0.9810,0.9830,0.200,25.43,25.00,3082125
2026-07-31T08:44:40.381808+00:00,dry,BTC,No,"Will the price of Bitcoin be between $60,000 and $62,000 on July 31?",2026-07-31,0.9890,0.9845,0.9890,0.450,25.28,25.00,3081980
2026-07-31T18:07:53.344096+00:00,dry,BTC,No,"Will Bitcoin dip to $62,000 on July 31?",2026-08-01,0.9650,0.9555,0.9650,0.911,25.91,25.00,3236437
2026-07-31T18:07:54.635496+00:00,dry,BTC,No,"Will Bitcoin reach $65,000 on July 31?",2026-08-01,0.9880,0.9820,0.9880,0.600,25.30,25.00,3236432
2026-07-31T20:06:21.841749+00:00,dry,BTC,No,"Will Bitcoin dip to $61,000 on July 31?",2026-08-01,0.9840,0.9820,0.9840,0.200,25.41,25.00,3236439
2026-08-01T19:48:17.476261+00:00,dry,BTC,No,"Will Bitcoin dip to $61,000 on August 1?",2026-08-02,0.9700,0.9615,0.9700,0.850,25.77,25.00,3253757
2026-08-01T21:28:42.305569+00:00,dry,BTC,No,"Will Bitcoin dip to $62,000 on August 1?",2026-08-02,0.9390,0.9300,0.9390,0.900,26.62,25.00,3253750
2026-08-02T18:37:04.986693+00:00,dry,BTC,No,"Will Bitcoin dip to $62,000 on August 2?",2026-08-03,0.9500,0.9450,0.9500,0.500,26.32,25.00,3279512
2026-08-02T18:37:06.515423+00:00,dry,BTC,No,"Will Bitcoin dip to $62,000 July 27-August 2?",2026-08-03,0.9400,0.9350,0.9400,0.500,26.60,25.00,3126378
2026-08-02T21:28:27.017971+00:00,dry,BTC,No,"Will Bitcoin reach $65,000 on August 2?",2026-08-03,0.9700,0.9675,0.9700,0.250,25.77,25.00,3279500
2026-08-02T21:28:30.015781+00:00,dry,ETH,No,"Will Ethereum dip to $1,800 on August 2?",2026-08-03,0.9860,0.9795,0.9860,0.650,25.35,25.00,3279591
2026-08-03T18:20:12.733263+00:00,dry,BTC,No,"Will Bitcoin reach $66,000 on August 3?",2026-08-04,0.9780,0.9765,0.9780,0.150,25.56,25.00,3298279
2026-08-03T20:15:48.688214+00:00,dry,ETH,No,"Will Ethereum dip to $1,800 on August 3?",2026-08-04,0.9830,0.9785,0.9830,0.350,25.43,25.00,3298370
2026-08-03T21:44:11.800813+00:00,dry,BTC,No,"Will Bitcoin reach $65,000 on August 3?",2026-08-04,0.9860,0.9815,0.9860,0.350,25.35,25.00,3298281
2026-08-04T07:18:18.327662+00:00,dry,ETH,No,"Will the price of Ethereum be above $1,900 on August 4?",2026-08-04,0.9600,0.9550,0.9600,0.500,26.04,25.00,3158105
2026-08-04T07:18:19.402969+00:00,dry,BTC,Yes,"Will the price of Bitcoin be above $62,000 on August 4?",2026-08-04,0.9680,0.9675,0.9680,0.050,25.83,25.00,3158254
2026-08-04T07:18:19.550230+00:00,dry,ETH,Yes,"Will the price of Ethereum be above $1,800 on August 4?",2026-08-04,0.9690,0.9630,0.9690,0.600,25.80,25.00,3158089
2026-08-04T07:18:25.359599+00:00,dry,BTC,No,"Will the price of Bitcoin be between $60,000 and $62,000 on August 4?",2026-08-04,0.9790,0.9735,0.9790,0.550,25.54,25.00,3158094
2026-08-04T07:18:25.655984+00:00,dry,ETH,No,"Will the price of Ethereum be between $1,700 and $1,800 on August 4?",2026-08-04,0.9780,0.9705,0.9780,0.650,25.56,25.00,3158419
2026-08-04T07:18:28.828427+00:00,dry,ETH,Yes,"Will the price of Ethereum be between $1,800 and $1,900 on August 4?",2026-08-04,0.9300,0.9250,0.9300,0.500,26.88,25.00,3158430
2026-08-04T19:10:14.473486+00:00,dry,BTC,No,"Will Bitcoin reach $66,000 on August 4?",2026-08-05,0.9810,0.9720,0.9810,0.900,25.48,25.00,3324987
2026-08-05T08:04:44.831337+00:00,dry,BTC,No,"Will the price of Bitcoin be between $66,000 and $68,000 on August 5?",2026-08-05,0.9880,0.9855,0.9880,0.250,25.30,25.00,3202329
2026-08-05T08:04:50.319185+00:00,dry,BTC,No,"Will the price of Bitcoin be above $66,000 on August 5?",2026-08-05,0.9860,0.9835,0.9860,0.150,25.35,25.00,3202432
2026-08-05T18:07:57.712014+00:00,dry,BTC,No,"Will Bitcoin reach $66,000 on August 5?",2026-08-06,0.9740,0.9650,0.9740,0.900,25.67,25.00,3352091
2026-08-05T20:11:54.591974+00:00,dry,BTC,No,"Will Bitcoin reach $67,000 on August 5?",2026-08-06,0.9880,0.9875,0.9880,0.050,25.30,25.00,3352090
2026-08-05T20:11:55.121078+00:00,dry,BTC,No,"Will Bitcoin dip to $63,000 on August 5?",2026-08-06,0.9860,0.9825,0.9860,0.250,25.35,25.00,3352095
2026-08-06T08:02:57.156446+00:00,dry,BTC,No,"Will the price of Bitcoin be between $66,000 and $68,000 on August 6?",2026-08-06,0.9680,0.9635,0.9680,0.411,25.83,25.00,3223192
2026-08-06T08:02:59.392092+00:00,dry,BTC,No,"Will the price of Bitcoin be between $62,000 and $64,000 on August 6?",2026-08-06,0.9300,0.9250,0.9300,0.500,26.88,25.00,3223173
2026-08-06T08:03:03.031011+00:00,dry,BTC,No,"Will the price of Bitcoin be above $66,000 on August 6?",2026-08-06,0.9610,0.9605,0.9610,0.050,26.01,25.00,3223305
2026-08-06T08:03:06.998590+00:00,dry,ETH,No,"Will the price of Ethereum be above $2,000 on August 6?",2026-08-06,0.9860,0.9835,0.9860,0.250,25.35,25.00,3223195
